{
    "text_summarization": {
        "rouge-1": {
            "r": 0.5422794117647058,
            "p": 0.24291187739463602,
            "f": 0.33297490611279273
        },
        "rouge-2": {
            "r": 0.16041666666666665,
            "p": 0.06066176470588235,
            "f": 0.08732930690164124
        },
        "rouge-l": {
            "r": 0.48161764705882354,
            "p": 0.21455938697318006,
            "f": 0.29462365163250603
        }
    }
}